{
  "cosyvoice2": {
    "model_name": "CosyVoice2-0.5B",
    "model_size_params": "500M",
    "korean_support": true,
    "n_texts": 10,
    "avg_rtf": 0.5389,
    "std_rtf": 0.0139,
    "avg_inference_time_s": 27.75,
    "avg_audio_duration_s": 51.68,
    "avg_vram_peak_mb": 4518.4,
    "per_text": {
      "ko_short": {
        "rtf": 0.565323721160754,
        "inference_time_s": 5.8793667000718415,
        "audio_duration_s": 10.4,
        "success": true
      },
      "ko_medium": {
        "rtf": 0.5128584218740192,
        "inference_time_s": 19.693763399962336,
        "audio_duration_s": 38.4,
        "success": true
      },
      "ko_long": {
        "rtf": 0.531978082175623,
        "inference_time_s": 45.96290629997384,
        "audio_duration_s": 86.4,
        "success": true
      },
      "ko_numbers": {
        "rtf": 0.5289411576096967,
        "inference_time_s": 29.19755190005526,
        "audio_duration_s": 55.2,
        "success": true
      },
      "ko_mixed": {
        "rtf": 0.5459072520492645,
        "inference_time_s": 26.640273900004104,
        "audio_duration_s": 48.8,
        "success": true
      },
      "ko_formal": {
        "rtf": 0.5361881776307679,
        "inference_time_s": 32.60024119995069,
        "audio_duration_s": 60.8,
        "success": true
      },
      "ko_conversational": {
        "rtf": 0.5409515175779234,
        "inference_time_s": 27.696717699989676,
        "audio_duration_s": 51.2,
        "success": true
      },
      "ko_technical": {
        "rtf": 0.548095459338342,
        "inference_time_s": 36.393538500065915,
        "audio_duration_s": 66.4,
        "success": true
      },
      "ko_question": {
        "rtf": 0.5458056132082898,
        "inference_time_s": 23.142158000031486,
        "audio_duration_s": 42.4,
        "success": true
      },
      "ko_proverb": {
        "rtf": 0.5332915281690821,
        "inference_time_s": 30.290958800003864,
        "audio_duration_s": 56.8,
        "success": true
      }
    }
  },
  "cosyvoice3": {
    "model_name": "CosyVoice3-0.5B",
    "model_size_params": "500M",
    "korean_support": true,
    "n_texts": 10,
    "avg_rtf": 0.5593,
    "std_rtf": 0.0196,
    "avg_inference_time_s": 3.713,
    "avg_audio_duration_s": 6.64,
    "avg_vram_peak_mb": 3451.1,
    "per_text": {
      "ko_short": {
        "rtf": 0.556901701798253,
        "inference_time_s": 3.6978272999404,
        "audio_duration_s": 6.64,
        "success": true
      },
      "ko_medium": {
        "rtf": 0.5268628614518444,
        "inference_time_s": 3.4983694000402465,
        "audio_duration_s": 6.64,
        "success": true
      },
      "ko_long": {
        "rtf": 0.5352903463764128,
        "inference_time_s": 3.5543278999393806,
        "audio_duration_s": 6.64,
        "success": true
      },
      "ko_numbers": {
        "rtf": 0.5451581626534406,
        "inference_time_s": 3.6198502000188455,
        "audio_duration_s": 6.64,
        "success": true
      },
      "ko_mixed": {
        "rtf": 0.5587937650642448,
        "inference_time_s": 3.710390600026585,
        "audio_duration_s": 6.64,
        "success": true
      },
      "ko_formal": {
        "rtf": 0.5747300150512482,
        "inference_time_s": 3.816207299940288,
        "audio_duration_s": 6.64,
        "success": true
      },
      "ko_conversational": {
        "rtf": 0.5619757078343958,
        "inference_time_s": 3.7315187000203878,
        "audio_duration_s": 6.64,
        "success": true
      },
      "ko_technical": {
        "rtf": 0.5802684638534212,
        "inference_time_s": 3.852982599986717,
        "audio_duration_s": 6.64,
        "success": true
      },
      "ko_question": {
        "rtf": 0.5894111746926344,
        "inference_time_s": 3.913690199959092,
        "audio_duration_s": 6.64,
        "success": true
      },
      "ko_proverb": {
        "rtf": 0.5632093674692618,
        "inference_time_s": 3.7397101999958977,
        "audio_duration_s": 6.64,
        "success": true
      }
    }
  },
  "gpt_sovits": {
    "model_name": "GPT-SoVITS-V3",
    "model_size_params": "~200M",
    "korean_support": true,
    "n_texts": 10,
    "avg_rtf": 0.3415,
    "std_rtf": 0.0285,
    "avg_inference_time_s": 4.361,
    "avg_audio_duration_s": 13.072,
    "avg_vram_peak_mb": 2163.2,
    "per_text": {
      "ko_short": {
        "rtf": 0.40840838490040177,
        "inference_time_s": 1.3199758999980986,
        "audio_duration_s": 3.232,
        "success": true
      },
      "ko_medium": {
        "rtf": 0.3434133485342408,
        "inference_time_s": 3.0623312999960035,
        "audio_duration_s": 8.917333333333334,
        "success": true
      },
      "ko_long": {
        "rtf": 0.31293038811132606,
        "inference_time_s": 5.9181394999613985,
        "audio_duration_s": 18.912,
        "success": true
      },
      "ko_numbers": {
        "rtf": 0.3280780803574349,
        "inference_time_s": 4.409369400003925,
        "audio_duration_s": 13.44,
        "success": true
      },
      "ko_mixed": {
        "rtf": 0.3381189793582478,
        "inference_time_s": 4.717436000006273,
        "audio_duration_s": 13.952,
        "success": true
      },
      "ko_formal": {
        "rtf": 0.3164388646670992,
        "inference_time_s": 5.75834349996876,
        "audio_duration_s": 18.197333333333333,
        "success": true
      },
      "ko_conversational": {
        "rtf": 0.3372610465090094,
        "inference_time_s": 4.640711999963969,
        "audio_duration_s": 13.76,
        "success": true
      },
      "ko_technical": {
        "rtf": 0.3463374492779482,
        "inference_time_s": 5.23477510001976,
        "audio_duration_s": 15.114666666666666,
        "success": true
      },
      "ko_question": {
        "rtf": 0.3663556884060634,
        "inference_time_s": 4.04456680000294,
        "audio_duration_s": 11.04,
        "success": true
      },
      "ko_proverb": {
        "rtf": 0.31802331386609073,
        "inference_time_s": 4.501514000003226,
        "audio_duration_s": 14.154666666666667,
        "success": true
      }
    }
  },
  "melotts": {
    "model_name": "MeloTTS-KO",
    "model_size_params": "~50M",
    "korean_support": true,
    "n_texts": 10,
    "avg_rtf": 0.0402,
    "std_rtf": 0.0059,
    "avg_inference_time_s": 0.643,
    "avg_audio_duration_s": 15.711,
    "avg_vram_peak_mb": 861.1,
    "per_text": {
      "ko_short": {
        "rtf": 0.03191681193943394,
        "inference_time_s": 0.15241109998896718,
        "audio_duration_s": 4.7752607709750565,
        "success": true
      },
      "ko_medium": {
        "rtf": 0.03504436453943036,
        "inference_time_s": 0.4014176999917254,
        "audio_duration_s": 11.454557823129251,
        "success": true
      },
      "ko_long": {
        "rtf": 0.038851783092923156,
        "inference_time_s": 0.901336699957028,
        "audio_duration_s": 23.19936507936508,
        "success": true
      },
      "ko_numbers": {
        "rtf": 0.042235157160485315,
        "inference_time_s": 0.6856192999985069,
        "audio_duration_s": 16.233378684807256,
        "success": true
      },
      "ko_mixed": {
        "rtf": 0.039230453720930064,
        "inference_time_s": 0.6398914000019431,
        "audio_duration_s": 16.31108843537415,
        "success": true
      },
      "ko_formal": {
        "rtf": 0.037383753277114025,
        "inference_time_s": 0.7069911999860778,
        "audio_duration_s": 18.91172335600907,
        "success": true
      },
      "ko_conversational": {
        "rtf": 0.04689563352562511,
        "inference_time_s": 0.7516413000412285,
        "audio_duration_s": 16.02795918367347,
        "success": true
      },
      "ko_technical": {
        "rtf": 0.034033958227242554,
        "inference_time_s": 0.5415752000408247,
        "audio_duration_s": 15.912789115646259,
        "success": true
      },
      "ko_question": {
        "rtf": 0.04698768490049421,