{
  "bark": 2.6648921966552734,
  "chatterbox": 1.3469908237457275,
  "cosyvoice2": 1.8056955337524414,
  "cosyvoice3": 2.963735818862915,
  "f5tts": 2.195918083190918,
  "fish_speech": 0.8161314129829407,
  "gpt_sovits": 1.5935897827148438,
  "index_tts2": 2.7010955810546875,
  "kokoro": 5.132770538330078,
  "melotts": 4.178125381469727,
  "mio_tts_1.7b": 3.516009569168091,
  "mio_tts_2.6b": 3.1944308280944824,
  "outetss": 3.9253597259521484,
  "qwen3_tts_0.6b": 2.704341411590576,
  "qwen3_tts_1.7b": 2.937901020050049,
  "spark_tts": 3.1029152870178223,
  "xtts": 3.1676392555236816,
  "parler": 4.277,
  "styletts2": 4.399,
  "openvoice": 3.855
}