{
  "bark": 3.976494789123535,
  "chatterbox": 3.4273626804351807,
  "cosyvoice2": 1.233463168144226,
  "cosyvoice3": 2.963735818862915,
  "f5tts": 2.969207286834717,
  "fish_speech": 3.0894412994384766,
  "glm_tts": 3.039080858230591,
  "gpt_sovits": 1.779030442237854,
  "index_tts2": 3.387589454650879,
  "kokoro": 4.948734283447266,
  "melotts": 4.593728542327881,
  "mio_tts_1.7b": 3.867419958114624,
  "mio_tts_2.6b": 3.971879482269287,
  "outetss": 4.586783409118652,
  "qwen3_tts_0.6b": 2.887918472290039,
  "qwen3_tts_1.7b": 3.375838279724121,
  "spark_tts": 3.3717904090881348,
  "xtts": 3.4423887729644775,
  "parler": 4.078,
  "styletts2": 4.399,
  "dia": 3.245,
  "openvoice": 3.423,
  "mars5": 3.950
}